{
  "train_loss": [
    0.6567087769508362,
    0.5727346382643047,
    0.5029163893900419,
    0.42596977008016484,
    0.36316671183234767,
    0.34052915165298864,
    0.30051448784376444,
    0.3033218932779212
  ],
  "eval_auc": [
    0.6267001452011611,
    0.7416931537191309,
    0.7640198776702743,
    0.7636700853057761
  ],
  "eval_hr10": [
    0.975,
    1.0,
    1.0,
    1.0
  ],
  "eval_ndcg10": [
    0.5629607781639068,
    0.7143794573265404,
    0.742536324998315,
    0.7420267235917016
  ],
  "epoch_time": [
    179.08468794822693,
    323.45677185058594,
    297.282310962677,
    22.266586780548096,
    205.8800187110901,
    215.0838439464569,
    146.67137241363525,
    301.15785670280457
  ]
}