{
  "loss": [
    0.7036557197570801,
    0.6435176432132721
  ],
  "auc": [
    0.514780531968032,
    0.5415597943722943
  ],
  "time": [
    52.304112911224365,
    3.0423874855041504
  ]
}