{
  "loss": [
    0.7023256868124008,
    0.6421998143196106
  ],
  "auc": [
    0.5090124458874459,
    0.5379092435342435
  ],
  "time": [
    14.941817045211792,
    0.13214612007141113
  ]
}