{
  "loss": [
    0.6055321574211121,
    0.5736992716789245
  ],
  "auc": [
    0.4989062326562327,
    0.4928126040626041
  ],
  "time": [
    22.361937046051025,
    11.178589344024658
  ]
}