{
  "loss": [
    0.6849674880504608,
    0.6746632009744644
  ],
  "auc": [
    0.4476554348429348,
    0.48598914973914975
  ],
  "time": [
    23.735957860946655,
    5.196516036987305
  ]
}