{
  "loss": [
    0.4582998981842628,
    0.4390222865801591,
    0.3773562014102936,
    0.2975661571209247,
    0.2606518394671954,
    0.22515258536889002,
    0.20856547699524805,
    0.1993564642392672
  ],
  "auc": [
    0.6050288047048409,
    0.6707148158723037,
    0.73071846973813,
    0.7555048688358588,
    0.7673530782698111,
    0.7726960901195989,
    0.7695102732802677,
    0.789828937327007
  ],
  "hr@5": [
    0.9,
    0.9666666666666667,
    1.0,
    1.0,
    1.0,
    1.0,
    1.0,
    0.9666666666666667
  ],
  "ndcg@5": [
    0.41567272092975277,
    0.5739273522337848,
    0.6084464864584718,
    0.6914012314117747,
    0.6827942723471457,
    0.6635924627440597,
    0.6682808039756705,
    0.7684412765818277
  ],
  "time": [
    0.868340253829956,
    0.9705846309661865,
    0.7435822486877441,
    1.1342494487762451,
    1.470503568649292,
    2.270421266555786,
    2.288846015930176,
    1.9912889003753662
  ]
}