{
  "loss": [
    0.4615784539626195,
    0.4404687720995683,
    0.3815443447002998,
    0.2984607403094952,
    0.2612426911409085,
    0.22635138378693506,
    0.21019899615874657,
    0.20235069898458627
  ],
  "auc": [
    0.6022576989945438,
    0.6701592064575451,
    0.7283855974583715,
    0.7516120813416173,
    0.7651304246084722,
    0.770719134849863,
    0.7677973012335993,
    0.7891392519300517
  ],
  "hr@5": [
    0.8666666666666667,
    0.9666666666666667,
    1.0,
    1.0,
    1.0,
    1.0,
    1.0,
    0.9666666666666667
  ],
  "ndcg@5": [
    0.37590300004805416,
    0.5467888108894223,
    0.6023310441224212,
    0.687951500024027,
    0.6746360762034638,
    0.6697204440859766,
    0.6719172609563435,
    0.777978128672233
  ],
  "time": [
    1.153794527053833,
    1.242116928100586,
    0.9690823554992676,
    0.8664705753326416,
    0.9266157150268555,
    0.8823885917663574,
    0.9451522827148438,
    0.9774303436279297
  ]
}