{
  "loss": [
    0.5616392951745254,
    0.5569627628876612,
    0.5644610203229464,
    0.5620693908287928,
    0.5667370534860171,
    0.5630868719174311,
    0.5618200645996974,
    0.5631878353082217
  ],
  "auc": [
    0.5714316019724953,
    0.5773794564167821,
    0.5812437331693007,
    0.5718994869489793,
    0.5711956382506809,
    0.5740273637579081,
    0.5774589539643192,
    0.5846546464895542
  ],
  "hr@5": [
    0.8,
    0.9,
    0.8333333333333334,
    0.7666666666666667,
    0.7666666666666667,
    0.8333333333333334,
    0.8333333333333334,
    0.7333333333333333
  ],
  "ndcg@5": [
    0.3751860856019714,
    0.3396559353982714,
    0.3805568978164929,
    0.34129662104035124,
    0.33938808685210897,
    0.35217332945218033,
    0.35174500066719533,
    0.3553146546334795
  ],
  "time": [
    0.5972845554351807,
    0.6284322738647461,
    0.5347039699554443,
    0.5532665252685547,
    0.6435563564300537,
    0.7903058528900146,
    0.6198747158050537,
    0.7086231708526611
  ]
}