{
  "loss": [
    0.41171790684759624,
    0.37467274600267414,
    0.3553641642630101,
    0.33272234530001865,
    0.3072329494506121,
    0.2850615345984698,
    0.2724914091825485,
    0.256355757124722
  ],
  "auc": [
    0.5351993230506703,
    0.5488958818754398,
    0.5574346112223605,
    0.5586656619452518,
    0.5590477445944778,
    0.5685476198411017,
    0.573907976632092,
    0.5846546464895542
  ],
  "time": [
    1.5141677856445312,
    0.8434350490570068,
    0.8191967010498047,
    0.9287910461425781,
    0.8495922088623047,
    1.0440795421600342,
    0.9705898761749268,
    0.9810628890991211
  ]
}