{
  "loss": [
    0.4577497129256909,
    0.4344969621071449,
    0.34486774985606855,
    0.27421521567381346,
    0.24271397177989668,
    0.2235804796218872,
    0.20749571117071006,
    0.2058927554350633
  ],
  "auc": [
    0.5939573790996838,
    0.7035249351260425,
    0.7629675249284253,
    0.7774372920209199,
    0.7744609706807825,
    0.772677860111137,
    0.7748752613710769,
    0.7784985535454715
  ],
  "hr@5": [
    0.8666666666666667,
    0.9333333333333333,
    0.9333333333333333,
    0.9333333333333333,
    0.9333333333333333,
    0.9666666666666667,
    0.9666666666666667,
    0.9666666666666667
  ],
  "ndcg@5": [
    0.32021282558209924,
    0.5158594541553433,
    0.6262208919781445,
    0.6433595060049716,
    0.577054349843571,
    0.5852247972794764,
    0.636722072924833,
    0.6107165311519798
  ],
  "time": [
    0.6422092914581299,
    0.534423828125,
    0.623753547668457,
    0.507500171661377,
    0.6261167526245117,
    0.6309506893157959,
    0.6370058059692383,
    0.5835731029510498
  ]
}