{
  "loss": [
    0.4608761943303622,
    0.4369633449957921,
    0.3514348383133228,
    0.27892736288217396,
    0.24644403961988595,
    0.22611187742306635,
    0.21158095277272737,
    0.2096096403323687
  ],
  "auc": [
    0.5909862491747585,
    0.69893099443909,
    0.7602679854362199,
    0.7748979275556752,
    0.7724883494631386,
    0.771683415600005,
    0.7725005441448342,
    0.7776265409643588
  ],
  "hr@5": [
    0.8666666666666667,
    0.9,
    0.9333333333333333,
    0.9333333333333333,
    0.9333333333333333,
    0.9666666666666667,
    0.9666666666666667,
    0.9333333333333333
  ],
  "ndcg@5": [
    0.3084931659485369,
    0.5100728597943686,
    0.6270451747315672,
    0.657418097258386,
    0.5751659468123176,
    0.5985197945967428,
    0.6283304640654952,
    0.6037441358996513
  ],
  "time": [
    1.20460844039917,
    1.063931941986084,
    1.202864646911621,
    1.0866482257843018,
    1.103189468383789,
    1.0728480815887451,
    1.117250919342041,
    0.7290899753570557
  ]
}