{
  "loss": [
    0.45900821915039647,
    0.4320910068658682,
    0.34656709891099197,
    0.27360006937613857,
    0.24101377450502837,
    0.22025572107388422,
    0.20322307829673475,
    0.2007162651190391
  ],
  "auc": [
    0.569672463914065,
    0.686685721048336,
    0.7580816234523396,
    0.7705875234623871,
    0.7684618543922127,
    0.7687492559940197,
    0.7729372376590669,
    0.7781603115760161
  ],
  "hr@5": [
    0.9,
    0.9,
    0.9333333333333333,
    0.9333333333333333,
    0.9666666666666667,
    0.9333333333333333,
    0.9666666666666667,
    0.9333333333333333
  ],
  "ndcg@5": [
    0.33328665384326833,
    0.46958039798311624,
    0.6229050848634781,
    0.6010518766182723,
    0.5355038972169323,
    0.5815883402988032,
    0.6201194589693039,
    0.58750273710308
  ],
  "time": [
    0.8231179714202881,
    0.7019829750061035,
    0.5967588424682617,
    0.776447057723999,
    0.74214768409729,
    0.7074427604675293,
    0.7516460418701172,
    0.6772747039794922
  ]
}