{
  "loss": [
    0.4621466031441322,
    0.43515944251647365,
    0.3533425216491406,
    0.2782083818545708,
    0.24479028697197253,
    0.2235307120359861,
    0.2074573292182042,
    0.2046012500157723
  ],
  "auc": [
    0.5702928911832656,
    0.6854460892178029,
    0.7551309231108817,
    0.769875979456645,
    0.7686538271315311,
    0.7681386473284041,
    0.7734896743116892,
    0.7771221976808976
  ],
  "hr@5": [
    0.9,
    0.9,
    0.9333333333333333,
    0.9333333333333333,
    0.9333333333333333,
    0.9333333333333333,
    0.9666666666666667,
    0.9333333333333333
  ],
  "ndcg@5": [
    0.30152077069620836,
    0.487797444593957,
    0.6295425179436169,
    0.6153438805873424,
    0.5468964821757356,
    0.5871677749308905,
    0.6226716721478226,
    0.584723233038685
  ],
  "time": [
    0.9309232234954834,
    0.7659919261932373,
    0.913527250289917,
    0.8704521656036377,
    0.9054768085479736,
    0.9439048767089844,
    0.8852839469909668,
    0.8466978073120117
  ]
}