{
  "loss": [
    0.5311786899199853,
    0.5310503519498385,
    0.5311163411690638,
    0.5325201039130871,
    0.525712210398454,
    0.5373248664232401,
    0.5372534165015588,
    0.5281112858882318
  ],
  "auc": [
    0.5499072592834665,
    0.537205834725313,
    0.5303987377131968,
    0.5503400800756472,
    0.5448587066965386,
    0.5439986853773322,
    0.5362477245650753,
    0.5484599482558454
  ],
  "hr@5": [
    0.7666666666666667,
    0.8,
    0.7666666666666667,
    0.8,
    0.7666666666666667,
    0.8,
    0.7666666666666667,
    0.8333333333333334
  ],
  "ndcg@5": [
    0.30732779919314535,
    0.2873016992039716,
    0.2803698616119291,
    0.28914342274515986,
    0.289719988109409,
    0.2802359373388479,
    0.2944812618178527,
    0.28539316501572937
  ],
  "time": [
    0.8008449077606201,
    1.8679287433624268,
    0.9301953315734863,
    1.966291904449463,
    0.876274824142456,
    0.8382229804992676,
    1.1242895126342773,
    1.7682602405548096
  ]
}